Region,TimeDiff,R1-OCC,R1Light,R1-Temp,"R1_Corr(O,Temp)",R2-OCC,R2Light,R2-Temp,"R2_Corr(O,Temp)",R3-OCC,R3Light,R3-Temp,"R3_Corr(O,Temp)",R4-OCC,R4Light,R4-Temp,"R4_Corr(O,Temp)",R5-OCC,R5Light,R5-Temp,"R5_Corr(O,T)"
4,0,0,0,21.69,0,0,0,21.44,0,1,0,20.44,0.5,1,1,22.44,1,1,0,23.19,1
4,13,1,0,21.69,0.5,0,0,21.44,0,1,0,20.44,0.5,0,1,22.44,1,0,0,23.19,1
2,5252,2,0,21.69,0.5,-1,0,21.37,0,1,0,20.44,0.5,0,1,22.5,1,0,1,23.12,1
3,6263,2,0,21.44,0.5,-2,0,21.56,0,2,0,20.5,0.5,0,1,22.5,1,0,0,22.94,1
3,57,2,0,21.44,0.5,-1,0,21.5,0,1,0,20.56,0.5,0,1,22.44,1,0,1,23,1
3,6,2,0,21.44,0.5,-1,0,21.5,0,1,0,20.62,0.5,0,1,22.44,1,0,0,23,1
2,1077,3,0,21.44,0.5,-2,0,21.5,0,1,1,20.62,0.5,0,1,22.44,1,0,0,23,1
4,1191,2,0,21.31,0.5,-2,0,21.5,0,1,0,20.62,0.5,1,1,22.5,1,1,0,23,1
5,6349,2,0,21.31,0.5,-2,0,21.5,0,1,0,20.62,0.5,0,1,22.5,1,0,0,23,1
5,17,2,0,21.25,0.5,-2,0,21.5,0,1,0,20.62,0.5,1,0,22.37,1,1,0,22.94,1
4,22,3,0,21.25,0.5,-2,0,21.5,0,1,0,20.62,0.5,0,1,22.37,1,0,0,22.94,1
1,6386,2,0,21.31,0.5,-2,0,21.5,0,1,0,20.69,0.5,0,1,22.37,1,0,0,22.94,1
2,64,1,0,21.25,0.5,-1,0,21.5,0,1,0,20.69,0.5,0,1,22.37,1,0,0,22.87,1
3,68,1,0,21.25,0.5,-2,0,21.5,0,2,0,20.69,0.5,0,1,22.37,1,0,1,22.87,1
3,644,1,0,21.25,0.5,-3,0,21.5,0,3,0,20.44,0.5,0,1,22.37,1,0,0,22.87,1
2,649,2,0,21.25,0.5,-4,0,21.5,0,3,0,20.44,0.5,0,1,22.37,1,0,0,22.87,1
4,673,1,0,21.25,0.5,-4,1,21.5,0,3,0,20.44,0.5,1,1,22.37,1,1,0,22.87,1
4,4,1,0,21.25,0.5,-4,0,21.5,0,3,0,20.5,0.5,1,1,22.37,1,1,0,22.87,1
5,707,1,0,21.25,0.5,-4,0,21.5,0,3,0,20.62,0.5,0,1,22.37,1,0,0,22.87,1
5,0,1,0,21.25,0.5,-4,0,21.5,0,3,1,20.62,0.5,0,1,22.37,1,0,0,22.87,1
5,0,1,0,21.25,0.5,-4,0,21.5,0,3,0,20.62,0.5,0,1,22.37,1,0,0,22.87,1
5,8,1,0,21.31,0.5,-4,0,21.56,0,3,0,20.62,0.5,0,1,22.37,1,0,0,22.81,1
5,23,1,0,21.31,0.5,-4,0,21.56,0,3,0,20.62,0.5,-1,1,22.31,1,-1,0,22.81,1
5,3,1,0,21.31,0.5,-4,0,21.56,0,3,0,20.62,0.5,-1,1,22.31,1,-1,0,22.81,1
5,1,1,0,21.31,0.5,-4,1,21.56,0,3,0,20.62,0.5,-1,1,22.31,1,-1,0,22.81,1
5,0,1,0,21.31,0.5,-4,0,21.56,0,3,0,20.62,0.5,-1,1,22.31,1,-1,0,22.81,1
4,65,2,0,21.31,0.5,-4,0,21.56,0,3,0,20.62,0.5,-2,1,22.31,1,-2,0,22.81,1
2,74,1,0,21.31,0.5,-3,0,21.56,0,3,0,20.62,0.5,-2,1,22.31,1,-2,0,22.81,1
3,80,1,0,21.31,0.5,-4,0,21.56,0,4,0,20.62,0.5,-2,1,22.31,1,-2,0,22.81,1
2,252,2,0,21.31,0.5,-5,0,21.5,0,4,0,20.44,0.5,-2,1,22.37,1,-2,0,22.87,1
3,2997,2,0,21,0.5,-4,0,21.31,0,3,0,20.31,0.5,-2,0,22,1,-2,0,22.56,1
3,362,2,0,20.87,0.5,-5,0,21.44,0,4,0,20.37,0.5,-2,0,22.12,1,-2,0,22.56,1
5,11551,2,0,20.06,0.5,-5,0,20.56,0,4,0,19.44,0.5,-1,0,21.12,0,-1,0,21.69,0
4,11551,3,0,20.06,0.5,-5,0,20.56,0,4,0,19.44,0.5,-2,0,21.19,0,-2,0,21.69,0
2,11312,4,0,20,0.5,-6,0,20.56,0,4,1,19.44,0.5,-2,0,21.19,0,-2,1,21.69,0
2,70,5,0,20.06,0.5,-7,0,20.5,0,4,1,19.5,0.5,-2,0,21.19,0,-2,0,21.69,0
4,90,4,0,20.06,0.5,-7,0,20.5,0,4,0,19.5,0.5,-1,0,21.19,0,-1,0,21.69,0
5,102,4,0,20.06,0.5,-7,0,20.5,0,4,0,19.5,0.5,-2,0,21.19,0,-2,0,21.69,0
6,26415,4,0,20.06,0.5,-7,0,20.44,0,4,0,19.44,0.5,-2,0,21.5,0,-2,0,21.69,0
6,79,4,0,19.87,0.5,-7,0,20.37,0,4,0,19.44,0.5,-2,0,21.37,0,-2,0,21.75,0
6,1,4,0,19.87,0.5,-7,0,20.37,0,4,0,19.44,0.5,-2,0,21.37,0,-2,0,21.75,0
6,309,4,0,19.62,0.5,-7,0,20.31,0,4,0,19.44,0.5,-2,1,21.37,0,-2,0,21.69,0
6,6,4,0,19.69,0.5,-7,0,20.31,0,4,0,19.44,0.5,-2,0,21.37,0,-2,0,21.69,0
5,8164,4,0,19.75,0.5,-7,0,20.31,0,4,0,19.44,0.5,-1,0,21.25,0,-1,0,21.62,0
4,8173,5,0,19.75,0.5,-7,0,20.31,0,4,0,19.44,0.5,-2,1,21.25,0,-2,0,21.62,0
4,4,5,0,19.75,0.5,-7,0,20.31,0,4,1,19.44,0.5,-2,0,21.25,0,-2,0,21.62,0
2,8182,4,0,19.75,0.5,-6,0,20.31,0,4,0,19.44,0.5,-2,0,21.25,0,-2,0,21.62,0
2,143,5,0,19.75,0.5,-7,0,20.31,0,4,0,19.06,0.5,-2,0,21.12,0,-2,0,21.62,0
4,147,4,0,19.75,0.5,-7,0,20.31,0,4,0,19.06,0.5,-1,0,21.12,0,-1,0,21.62,0
5,155,4,0,19.75,0.5,-7,0,20.31,0,4,0,19.06,0.5,-2,0,21.12,0,-2,0,21.62,0
5,422,4,0,19.69,0.5,-7,0,20.31,0,4,0,19.06,0.5,-1,0,20.94,0,-1,0,21.5,0
5,15,4,0,19.69,0.5,-7,0,20.31,0,4,0,19.06,0.5,-2,1,21,0,-2,0,21.5,0
5,38,4,0,19.69,0.5,-7,0,20.25,0,4,0,19.06,0.5,-1,1,20.94,0,-1,0,21.44,0
5,71,4,0,19.75,0.5,-7,1,20.25,0,4,1,19.06,0.5,-2,0,20.94,0,-2,0,21.37,0
5,23,4,0,19.69,0.5,-7,0,20.31,0,4,0,19.12,0.5,-1,0,20.94,0,-1,0,21.37,0
5,11,4,0,19.69,0.5,-7,1,20.31,0,4,0,19.12,0.5,-2,0,20.94,0,-2,0,21.37,0
5,51,4,0,19.69,0.5,-7,0,20.25,0,4,0,19.12,0.5,-1,0,21,0,-1,0,21.31,0
5,28,4,0,19.69,0.5,-7,0,20.25,0,4,0,19.06,0.5,-2,0,20.94,0,-2,0,21.25,0
5,26,4,0,19.75,0.5,-7,0,20.25,0,4,0,19.12,0.5,-1,0,20.94,0,-1,0,21.31,0
5,4,4,0,19.75,0.5,-7,0,20.25,0,4,0,19.12,0.5,-1,0,20.94,0,-1,0,21.31,0
5,49,4,0,19.69,0.5,-7,0,20.25,0,4,0,19.12,0.5,0,0,21,0,0,0,21.25,0
5,42,4,0,19.69,0.5,-7,0,20.25,0,4,0,19.12,0.5,-1,0,21,0,-1,0,21.25,0
5,88,4,0,19.62,0.5,-7,0,20.25,0,4,1,19.12,0.5,0,0,20.87,0,0,1,21.25,0
5,30,4,0,19.62,0.5,-7,0,20.25,0,4,0,19.12,0.5,-1,0,20.87,0,-1,0,21.25,0
5,35,4,0,19.69,0.5,-7,0,20.25,0,4,0,19.12,0.5,0,0,20.87,0,0,1,21.25,0
5,5,4,0,19.69,0.5,-7,0,20.25,0,4,0,19.12,0.5,0,0,20.87,0,0,1,21.25,0
5,67,4,0,19.69,0.5,-7,0,20.25,0,4,0,19.19,0.5,1,1,21,0.5,1,0,21.19,0.5
5,23,4,0,19.69,0.5,-7,0,20.19,0,4,0,19.19,0.5,2,0,20.94,0.5,2,0,21.19,0.5
5,2,4,0,19.69,0.5,-7,0,20.19,0,4,1,19.19,0.5,2,0,20.94,0.5,2,0,21.12,0.5
5,17,4,0,19.69,0.5,-7,0,20.19,0,4,0,19.19,0.5,3,0,20.87,0.5,3,0,21.12,0.5
5,43,4,0,19.69,0.5,-7,0,20.25,0,4,0,19.12,0.5,4,0,20.87,0.5,4,0,21.19,0.5
5,58,4,0,19.69,0.5,-7,0,20.25,0,4,0,19.12,0.5,5,1,20.87,0.5,5,0,21.19,0.5
5,14,4,0,19.69,0.5,-7,0,20.25,0,4,0,19.12,0.5,4,0,20.87,0.5,4,0,21.06,0.5
5,504,4,0,19.62,0.5,-7,0,20.19,0,4,0,19,0.5,5,0,20.69,0.5,5,0,21.31,0.5
5,40,4,0,19.62,0.5,-7,0,20.19,0,4,0,19,0.5,4,0,20.75,0.5,4,0,21.31,0.5
6,2299,4,0,19.69,0.5,-7,0,20.19,0,4,0,19.12,0.5,4,0,20.81,0.5,4,0,21.25,0.5
6,42,4,0,19.69,0.5,-7,0,20.19,0,4,1,19.12,0.5,4,1,20.75,0.5,4,0,21.19,0.5
6,2,4,0,19.69,0.5,-7,0,20.19,0,4,0,19.12,0.5,4,0,20.75,0.5,4,0,21.19,0.5
5,386,4,0,19.69,0.5,-7,0,20.19,0,4,0,19.12,0.5,5,0,20.75,0.5,5,0,21.19,0.5
4,2095,5,0,19.69,0.5,-7,0,20.19,0,4,0,19.12,0.5,4,0,20.75,0.5,4,0,21.19,0.5
6,142,5,1,19.12,0.5,-7,0,20.06,0,4,0,19,0.5,4,0,20.62,0.5,4,0,21.19,0.5
6,2,5,0,19.12,0.5,-7,0,20.06,0,4,1,19,0.5,4,0,20.62,0.5,4,0,21.25,0.5
5,150,5,0,18.94,0.5,-7,0,20.06,0,4,0,19,0.5,5,0,20.56,0.5,5,0,21.25,0.5
4,155,6,0,18.94,0.5,-7,0,20.06,0,4,0,19,0.5,4,0,20.56,0.5,4,0,21.19,0.5
4,31,5,0,18.81,0.5,-7,0,20,0,4,1,18.94,0.5,5,0,20.5,0.5,5,1,21.19,0.5
5,40,5,0,18.81,0.5,-7,0,20,0,4,0,19,0.5,4,0,20.31,0.5,4,0,21.19,0.5
5,19,5,0,18.69,0.5,-7,0,19.94,0,4,0,19,0.5,5,0,20.31,0.5,5,0,21.06,0.5
4,23,6,1,18.69,0.5,-7,0,19.94,0,4,0,19,0.5,4,0,20.31,0.5,4,0,21.06,0.5
4,2,6,1,18.75,0.5,-7,0,19.94,0,4,0,19,0.5,4,0,20.31,0.5,4,0,21.06,0.5
4,0,6,0,18.75,0.5,-7,0,19.94,0,4,0,19,0.5,4,0,20.31,0.5,4,1,21.06,0.5
4,44,5,0,18.75,0.5,-7,0,19.81,0,4,0,18.81,0.5,5,0,20.25,0.5,5,0,20.94,0.5
5,50,5,0,18.75,0.5,-7,0,19.81,0,4,0,18.81,0.5,4,0,20.25,0.5,4,0,20.94,0.5
6,138,5,0,18.75,0.5,-7,0,19.81,0,4,0,18.81,0.5,4,1,20.25,0.5,4,0,20.87,0.5
4,11,4,0,18.75,0.5,-7,0,19.81,0,4,1,18.81,0.5,5,0,20.25,0.5,5,0,20.87,0.5
5,10,4,0,18.75,0.5,-7,0,19.81,0,4,0,18.75,0.5,4,0,20.25,0.5,4,0,20.87,0.5
6,8,4,0,18.75,0.5,-7,0,19.81,0,4,1,18.75,0.5,4,0,20.06,0.5,4,0,20.87,0.5
4,90,3,0,18.69,0.5,-7,0,19.69,0,4,0,18.56,0.5,5,0,20.06,0.5,5,0,20.81,0.5
5,91,3,0,18.75,0.5,-7,0,19.69,0,4,0,18.56,0.5,4,0,20.06,0.5,4,0,20.81,0.5
6,92,3,0,18.75,0.5,-7,0,19.69,0,4,0,18.56,0.5,4,0,20.06,0.5,4,0,20.81,0.5
6,266,3,0,18.5,0.5,-7,0,19.69,0,4,0,18.62,0.5,4,1,19.94,0.5,4,0,20.69,0.5
5,360,3,0,18.37,0.5,-7,0,19.62,0,4,0,18.62,0.5,5,0,20,0.5,5,0,20.62,0.5
4,370,2,0,18.37,0.5,-7,0,19.62,0,4,0,18.62,0.5,6,0,20,0.5,6,1,20.62,0.5
4,1,2,0,18.37,0.5,-7,0,19.62,0,4,0,18.62,0.5,6,0,20,0.5,6,0,20.62,0.5
4,59,1,0,18.12,0.5,-7,0,19.5,0,4,1,18.5,0.5,7,0,19.69,0.5,7,0,20.62,0.5
4,2,1,0,18.12,0.5,-7,0,19.5,0,4,1,18.5,0.5,7,0,19.69,0.5,7,0,20.62,0.5
4,0,1,0,18.12,0.5,-7,0,19.5,0,4,0,18.5,0.5,7,0,19.69,0.5,7,0,20.62,0.5
5,71,1,1,18.12,0.5,-7,0,19.5,0,4,0,18.5,0.5,6,0,19.69,0.5,6,1,20.62,0.5
5,252,1,0,18.19,0.5,-7,0,19.5,0,4,0,18.37,0.5,7,0,19.75,0.5,7,0,20.37,0.5
4,255,2,0,18.19,0.5,-7,0,19.5,0,4,0,18.37,0.5,6,0,19.75,0.5,6,0,20.37,0.5
4,2,2,1,18.19,0.5,-7,0,19.5,0,4,0,18.37,0.5,6,0,19.75,0.5,6,0,20.37,0.5
6,422,2,0,18.25,0.5,-7,0,19.5,0,4,0,18.37,0.5,6,0,19.75,0.5,6,0,20.37,0.5
6,1,2,0,18.25,0.5,-7,0,19.5,0,4,0,18.37,0.5,6,0,19.75,0.5,6,0,20.37,0.5
4,14,3,0,18.25,0.5,-7,0,19.5,0,4,0,18.37,0.5,5,0,19.75,0.5,5,1,20.25,0.5
4,4,3,0,18.25,0.5,-7,0,19.5,0,4,0,18.31,0.5,5,0,19.75,0.5,5,0,20.25,0.5
5,23,3,0,18.25,0.5,-7,0,19.5,0,4,0,18.31,0.5,6,0,19.69,0.5,6,0,20.25,0.5
5,13,3,0,18.25,0.5,-7,0,19.44,0,4,0,18.31,0.5,7,1,19.69,0.5,7,0,20.25,0.5
5,3,3,0,18.25,0.5,-7,0,19.44,0,4,0,18.31,0.5,7,1,19.69,0.5,7,0,20.25,0.5
5,0,3,0,18.25,0.5,-7,0,19.44,0,4,0,18.31,0.5,7,1,19.69,0.5,7,0,20.25,0.5
4,18,4,0,18.25,0.5,-7,0,19.44,0,4,0,18.31,0.5,6,1,19.69,0.5,6,0,20.25,0.5
2,3180,3,0,18.25,0.5,-6,0,19.44,0,4,0,18.31,0.5,6,0,19.69,0.5,6,0,20.25,0.5
4,3,3,0,18.25,0.5,-6,0,19.44,0,4,0,18.31,0.5,6,0,19.69,0.5,6,0,20.25,0.5
4,0,3,0,18.25,0.5,-6,0,19.44,0,4,0,18.31,0.5,6,0,19.69,0.5,6,0,20.25,0.5
4,0,3,0,18.25,0.5,-6,0,19.44,0,4,0,18.31,0.5,6,0,19.69,0.5,6,0,20.25,0.5
4,0,3,0,18.25,0.5,-6,0,19.44,0,4,0,18.31,0.5,6,0,19.69,0.5,6,0,20.25,0.5
4,0,3,1,18.25,0.5,-6,0,19.44,0,4,0,18.31,0.5,6,1,19.69,0.5,6,0,20.25,0.5
3,19780,3,0,18.25,0.5,-7,0,19.44,0,5,0,18.31,0.5,6,0,19.69,0.5,6,0,20.25,0.5
3,28,3,0,18.37,0.5,-6,0,19.37,0,4,0,18.56,0.5,6,0,19.69,0.5,6,1,20.25,0.5
2,40,4,0,18.44,0.5,-7,0,19.37,0,4,0,18.56,0.5,6,0,19.75,0.5,6,0,20.25,0.5
4,38,3,0,18.44,0.5,-7,0,19.37,0,4,0,18.56,0.5,7,0,19.75,0.5,7,0,20.25,0.5
5,47,3,0,18.44,0.5,-7,0,19.5,0,4,0,18.62,0.5,6,0,19.75,0.5,6,0,20.25,0.5
5,5,3,0,18.44,0.5,-7,0,19.5,0,4,0,18.62,0.5,6,0,19.75,0.5,6,0,20.25,0.5
4,14,2,0,18.44,0.5,-7,0,19.5,0,4,0,18.62,0.5,7,0,19.75,0.5,7,0,20.25,0.5
5,6,2,0,18.44,0.5,-7,0,19.5,0,4,0,18.62,0.5,7,0,19.75,0.5,7,0,20.25,0.5
5,26,2,0,18.5,0.5,-7,0,19.5,0,4,0,18.62,0.5,8,0,19.69,0.5,8,0,20.25,0.5
4,30,3,0,18.5,0.5,-7,1,19.5,0,4,0,18.62,0.5,7,0,19.69,0.5,7,0,20.25,0.5
5,28,3,0,18.5,0.5,-7,0,19.56,0,4,0,18.56,0.5,8,0,19.75,0.5,8,0,20.19,0.5
5,7,3,0,18.5,0.5,-7,0,19.56,0,4,0,18.56,0.5,8,0,19.81,0.5,8,0,20.19,0.5
4,64,4,0,18.62,0.5,-7,0,19.5,0,4,0,18.62,0.5,7,0,20,0.5,7,0,20.31,0.5
5,33,4,0,18.62,0.5,-7,0,19.5,0,4,0,18.62,0.5,6,0,20,0.5,6,0,20.31,0.5
5,81,4,0,18.87,0.5,-7,0,19.69,0,4,0,18.62,0.5,7,0,20.12,0.5,7,0,20.31,0.5
4,89,5,0,18.87,0.5,-7,0,19.69,0,4,0,18.62,0.5,6,0,20.12,0.5,6,0,20.31,0.5
5,6,5,0,18.87,0.5,-7,0,19.69,0,4,0,18.62,0.5,6,0,20.12,0.5,6,0,20.31,0.5
4,5,5,0,18.87,0.5,-7,1,19.69,0,4,0,18.62,0.5,6,0,20.12,0.5,6,0,20.31,0.5
4,39,6,0,18.87,0.5,-7,0,19.75,0,4,0,18.69,0.5,5,0,20.19,0.5,5,0,20.37,0.5
5,48,6,0,18.87,0.5,-7,0,19.75,0,4,1,18.75,0.5,4,0,20.19,0.5,4,0,20.37,0.5
4,8,6,0,18.87,0.5,-7,0,19.75,0,4,0,18.75,0.5,4,0,20.19,0.5,4,0,20.37,0.5
5,5,6,0,18.87,0.5,-7,0,19.75,0,4,0,18.75,0.5,4,0,20.19,0.5,4,0,20.37,0.5
3,320,6,0,18.87,0.5,-6,0,19.69,0,3,0,18.69,0.5,4,0,20.12,0.5,4,1,20.37,0.5
5,361,6,0,19.19,0.5,-6,0,19.87,0,3,0,18.62,0.5,5,0,20.37,0.5,5,0,20.69,0.5
5,7,6,0,19.19,0.5,-6,0,19.87,0,3,0,18.62,0.5,5,0,20.37,0.5,5,1,20.69,0.5
5,130,6,0,19.25,0.5,-6,0,19.87,0,3,0,18.75,0.5,6,1,20.5,0.5,6,0,20.62,0.5
4,504,7,0,19.25,0.5,-6,0,19.87,0,3,0,18.75,0.5,5,1,20.5,0.5,5,1,20.62,0.5
5,6,7,0,19.25,0.5,-6,0,19.87,0,3,0,18.75,0.5,5,0,20.5,0.5,5,0,20.62,0.5
4,12,8,0,19.19,0.5,-6,0,19.87,0,3,0,18.75,0.5,4,0,20.5,0.5,4,1,20.62,0.5
4,14,9,0,19.12,0.5,-6,0,19.94,0,3,0,18.75,0.5,3,1,20.44,0.5,3,0,20.62,0.5
5,36,9,0,19.12,0.5,-6,0,19.94,0,3,0,18.75,0.5,2,0,20.44,0.5,2,1,20.62,0.5
3,486,9,0,19.06,0.5,-7,0,19.87,0,4,0,18.75,0.5,2,0,20.31,0.5,2,0,20.62,0.5
4,20,8,0,19.06,0.5,-7,0,19.87,0,4,0,18.75,0.5,3,1,20.31,0.5,3,0,20.62,0.5
5,12,8,0,19.06,0.5,-7,0,19.87,0,4,0,18.75,0.5,2,0,20.31,0.5,2,0,20.62,0.5
5,21,8,0,18.87,0.5,-7,0,19.81,0,4,0,18.75,0.5,3,0,20.19,0.5,3,1,20.62,0.5
4,27,9,0,18.87,0.5,-7,0,19.81,0,4,1,18.75,0.5,2,0,20.19,0.5,2,0,20.62,0.5
4,24,8,0,18.87,0.5,-7,0,19.69,0,4,1,18.62,0.5,3,0,20.25,0.5,3,1,20.62,0.5
5,27,8,0,18.87,0.5,-7,0,19.69,0,4,0,18.62,0.5,4,1,20.25,0.5,4,0,20.62,0.5
5,60,8,0,18.94,0.5,-7,0,19.56,0,4,0,18.5,0.5,5,0,20.31,0.5,5,0,20.62,0.5
4,66,9,0,18.94,0.5,-7,0,19.56,0,4,0,18.5,0.5,4,0,20.31,0.5,4,0,20.62,0.5
1,24829,8,0,18.94,0.5,-7,0,19.56,0,4,0,18.5,0.5,4,1,20.31,0.5,4,0,20.62,0.5
4,22,7,0,18.81,0.5,-7,0,19.62,0,4,0,18.5,0.5,5,0,20.25,0.5,5,1,20.62,0.5
5,32,7,0,18.81,0.5,-7,0,19.62,0,4,0,18.5,0.5,4,0,20.25,0.5,4,0,20.62,0.5
5,531,7,0,19.25,0.5,-7,0,19.81,0,4,1,18.69,0.5,5,0,20.37,0.5,5,0,20.81,0.5
4,537,8,0,19.25,0.5,-7,0,19.81,0,4,1,18.69,0.5,4,0,20.37,0.5,4,0,20.81,0.5
4,23,7,0,19.31,0.5,-7,0,19.81,0,4,0,18.69,0.5,5,0,20.31,0.5,5,1,20.75,0.5
5,27,7,0,19.31,0.5,-7,0,19.81,0,4,0,18.69,0.5,4,0,20.31,0.5,4,0,20.75,0.5
5,26,7,0,19.06,0.5,-7,0,19.75,0,4,1,18.69,0.5,5,0,20.25,0.5,5,0,20.75,0.5
4,31,8,0,19.06,0.5,-7,0,19.75,0,4,0,18.69,0.5,4,0,20.25,0.5,4,0,20.75,0.5
4,3,8,0,19.06,0.5,-7,0,19.75,0,4,0,18.69,0.5,4,0,20.25,0.5,4,1,20.75,0.5
2,1561,7,0,19,0.5,-6,0,19.75,0,4,0,18.62,0.5,4,0,20.25,0.5,4,1,20.75,0.5
3,766,7,0,19,0.5,-7,0,19.75,0,5,0,18.62,0.5,4,0,20.25,0.5,4,0,20.75,0.5
3,3,7,1,19,0.5,-7,0,19.75,0,5,0,18.62,0.5,4,0,20.25,0.5,4,0,20.75,0.5
2,8,7,0,18.94,0.5,-7,0,19.75,0,5,0,18.62,0.5,4,0,20.25,0.5,4,0,20.75,0.5
4,39,6,0,18.94,0.5,-7,0,19.75,0,5,1,18.62,0.5,5,0,20.25,0.5,5,0,20.75,0.5
2,3,6,0,18.94,0.5,-7,0,19.75,0,5,0,18.62,0.5,5,0,20.25,0.5,5,0,20.75,0.5
5,48,6,0,18.94,0.5,-7,0,19.75,0,5,0,18.56,0.5,4,0,20.25,0.5,4,0,20.75,0.5
4,4,6,0,18.94,0.5,-7,1,19.75,0,5,0,18.56,0.5,4,0,20.25,0.5,4,0,20.75,0.5
2,6,6,0,19,0.5,-7,0,19.75,0,5,0,18.56,0.5,4,0,20.25,0.5,4,1,20.75,0.5
5,13,6,0,19,0.5,-7,0,19.75,0,5,0,18.56,0.5,5,0,20.25,0.5,5,0,20.69,0.5
5,1,6,0,19,0.5,-7,0,19.62,0,5,0,18.56,0.5,5,0,20.25,0.5,5,1,20.69,0.5
4,15,7,0,19,0.5,-7,0,19.62,0,5,0,18.56,0.5,4,0,20.25,0.5,4,0,20.69,0.5
4,2,7,0,19,0.5,-7,0,19.62,0,5,0,18.56,0.5,4,0,20.25,0.5,4,0,20.69,0.5
4,2,7,0,19,0.5,-7,0,19.62,0,5,0,18.56,0.5,4,1,20.12,0.5,4,0,20.69,0.5
2,22,8,0,19,0.5,-8,0,19.62,0,5,0,18.56,0.5,4,0,20.12,0.5,4,0,20.69,0.5
3,2906,8,0,19.62,0.5,-9,0,20,0,6,0,19.12,0.5,4,0,21.06,0.5,4,0,21.31,0.5
3,18,8,0,19.62,0.5,-8,1,20,0,5,0,19.19,0.5,4,0,21.06,0.5,4,0,21.31,0.5
2,8910,9,0,20.37,0.5,-9,0,20.31,0,5,0,19.56,0.5,4,0,21.37,0.5,4,0,22.25,1
2,1222,10,0,20.69,0.5,-10,0,20.62,0,5,1,19.69,0.5,4,0,22.06,1,4,0,22.56,1
4,10156,9,0,20.69,0.5,-10,0,20.62,0,5,0,19.69,0.5,5,1,22.06,1,5,0,22.56,1
5,10216,9,0,20.56,0.5,-10,0,20.62,0,5,0,19.69,0.5,4,0,21.94,0.5,4,0,22.56,1
5,67,9,0,20.62,0.5,-10,0,20.62,0,5,0,19.75,0.5,5,0,22,1,5,0,22.56,1
4,132,10,0,20.69,0.5,-10,0,20.62,0,5,0,19.75,0.5,4,1,22,1,4,0,22.56,1
2,152,9,0,20.69,0.5,-9,0,20.62,0,5,0,19.75,0.5,4,0,22,1,4,0,22.56,1
2,53,10,0,20.62,0.5,-10,0,20.62,0,5,0,19.75,0.5,4,0,22,1,4,0,22.62,1
4,62,9,0,20.62,0.5,-10,0,20.62,0,5,0,19.75,0.5,5,0,22,1,5,0,22.62,1
4,3,9,0,20.62,0.5,-10,0,20.62,0,5,0,19.75,0.5,5,0,22,1,5,0,22.62,1
4,1,9,0,20.62,0.5,-10,0,20.62,0,5,0,19.75,0.5,5,0,22,1,5,0,22.62,1
4,4,9,0,20.62,0.5,-10,0,20.56,0,5,0,19.75,0.5,5,0,22,1,5,1,22.62,1
2,60,8,0,20.69,0.5,-9,0,20.62,0,5,0,19.75,0.5,5,0,22.06,1,5,0,22.69,1
2,86,9,0,20.69,0.5,-10,0,20.62,0,5,0,19.75,0.5,5,1,22.12,1,5,0,22.69,1
4,134,8,0,20.69,0.5,-10,0,20.62,0,5,0,19.75,0.5,6,0,22.12,1,6,0,22.69,1
5,216,8,0,20.69,0.5,-10,0,20.62,0,5,0,19.75,0.5,5,0,22.12,1,5,0,22.69,1
5,24,8,0,20.75,0.5,-10,0,20.69,0,5,0,19.75,0.5,6,0,22.06,1,6,0,22.62,1
4,149,9,0,20.69,0.5,-10,0,20.69,0,5,0,19.69,0.5,5,0,22,1,5,0,22.69,1
2,158,8,0,20.69,0.5,-9,0,20.69,0,5,0,19.69,0.5,5,0,22,1,5,0,22.69,1
2,150,9,0,20.69,0.5,-10,0,20.56,0,5,0,19.69,0.5,5,0,22.12,1,5,0,22.62,1
4,230,8,0,20.62,0.5,-10,0,20.69,0,5,0,19.75,0.5,6,0,22.12,1,6,0,22.69,1
4,104,9,0,20.69,0.5,-10,0,20.69,0,5,0,19.75,0.5,5,0,22.06,1,5,0,22.69,1
4,0,9,0,20.69,0.5,-10,0,20.69,0,5,1,19.75,0.5,5,0,22.06,1,5,0,22.69,1
2,181,8,0,20.75,0.5,-9,0,20.69,0,5,0,19.75,0.5,5,0,22.06,1,5,0,22.69,1
2,160,9,0,20.75,0.5,-10,0,20.62,0,5,0,19.75,0.5,5,0,22.12,1,5,0,22.69,1
4,166,8,0,20.75,0.5,-10,0,20.62,0,5,1,19.75,0.5,6,0,22.12,1,6,0,22.69,1
4,226,9,0,20.81,0.5,-10,0,20.69,0,5,0,19.81,0.5,5,1,22.19,1,5,0,22.75,1
1,12055,8,0,20.81,0.5,-10,0,20.69,0,5,1,19.81,0.5,5,0,22.12,1,5,0,22.81,1
1,11,9,0,20.81,0.5,-10,0,20.69,0,5,0,19.81,0.5,5,0,22.12,1,5,0,22.81,1
4,35,8,0,20.81,0.5,-10,0,20.69,0,5,0,19.81,0.5,6,0,22.12,1,6,1,22.81,1
5,985,8,0,20.75,0.5,-10,0,20.69,0,5,0,19.81,0.5,5,0,22.12,1,5,0,22.75,1
5,1,8,0,20.75,0.5,-10,0,20.69,0,5,0,19.81,0.5,5,0,22.12,1,5,0,22.75,1
5,3,8,0,20.75,0.5,-10,0,20.69,0,5,0,19.81,0.5,5,0,22.12,1,5,0,22.75,1
5,7,8,0,20.75,0.5,-10,0,20.69,0,5,0,19.81,0.5,5,0,22.19,1,5,0,22.75,1
5,8,8,0,20.81,0.5,-10,0,20.69,0,5,0,19.81,0.5,5,0,22.19,1,5,0,22.75,1
5,0,8,0,20.81,0.5,-10,0,20.69,0,5,0,19.81,0.5,5,0,22.19,1,5,0,22.75,1
5,4,8,0,20.81,0.5,-10,0,20.69,0,5,1,19.81,0.5,5,0,22.19,1,5,0,22.75,1
4,354,9,0,20.87,0.5,-10,0,20.69,0,5,0,19.81,0.5,4,1,22.25,1,4,0,22.75,1
3,16167,9,0,21.87,0.5,-9,0,21.5,0,4,0,20.69,0.5,4,0,23.25,1,4,0,23.81,1
2,20610,8,0,22.44,1,-8,0,22,1,4,0,21.12,0.5,4,0,23.5,1,4,0,24.25,1
3,12691,8,0,22.44,1,-9,0,22,1,5,0,21.12,0.5,4,0,23.5,1,4,0,24.25,1
3,891,8,0,22.37,1,-8,0,22,1,4,0,21.25,0.5,4,0,23.37,1,4,0,24.25,1
3,263,8,0,22.44,1,-9,0,22.19,1,5,1,21.37,0.5,4,0,23.56,1,4,0,24.31,1
3,8,8,0,22.44,1,-9,1,22.19,1,5,0,21.37,0.5,4,1,23.56,1,4,0,24.31,1
3,134,8,0,22.44,1,-8,0,22.25,1,4,1,21.37,0.5,4,0,23.5,1,4,0,24.25,1
2,1303,9,0,22.44,1,-9,0,22.25,1,4,1,21.37,0.5,4,0,23.5,1,4,0,24.25,1
4,21296,8,0,22.44,1,-9,0,22.25,1,4,0,21.37,0.5,5,0,23.5,1,5,0,24.25,1
4,3,8,0,22.44,1,-9,0,22.19,1,4,0,21.37,0.5,5,0,23.5,1,5,0,24.25,1
4,67,9,0,22.5,1,-9,0,22.19,1,4,0,21.44,0.5,4,0,23.56,1,4,0,24.25,1
2,81,10,0,22.5,1,-10,0,22.19,1,4,0,21.44,0.5,4,0,23.56,1,4,0,24.25,1
3,86,10,0,22.5,1,-11,0,22.12,1,5,0,21.44,0.5,4,0,23.56,1,4,0,24.25,1
3,1,10,0,22.5,1,-11,0,22.12,1,5,0,21.44,0.5,4,0,23.56,1,4,0,24.25,1
3,3,10,0,22.5,1,-11,0,22.12,1,5,0,21.44,0.5,4,0,23.56,1,4,0,24.25,1
3,131,10,0,22.56,1,-10,0,22.19,1,4,0,21.44,0.5,4,0,23.69,1,4,0,24.31,1
2,141,11,0,22.56,1,-11,0,22.19,1,4,0,21.44,0.5,4,1,23.69,1,4,0,24.31,1
4,152,10,0,22.56,1,-11,0,22.19,1,4,0,21.44,0.5,5,0,23.69,1,5,1,24.31,1
5,21776,10,0,22.56,1,-11,0,22.19,1,4,0,21.5,0.5,4,0,23.62,1,4,0,24.31,1
5,8,10,0,22.56,1,-11,0,22.19,1,4,0,21.5,0.5,4,0,23.62,1,4,0,24.31,1
4,65,11,0,22.56,1,-11,0,22.19,1,4,0,21.56,0.5,3,1,23.62,1,3,0,24.25,1
2,70,10,0,22.56,1,-10,0,22.19,1,4,0,21.56,0.5,3,0,23.62,1,3,0,24.25,1
3,75,10,0,22.56,1,-11,0,22.19,1,5,0,21.56,0.5,3,1,23.62,1,3,0,24.25,1
3,4016,10,0,22.31,1,-10,0,22.06,1,4,0,21.31,0.5,3,0,23.37,1,3,0,24.31,1
3,96,10,0,22.37,1,-11,0,22.06,1,5,0,21.44,0.5,3,0,23.5,1,3,0,24.25,1
3,798,10,0,22.44,1,-10,0,22.06,1,4,0,21.44,0.5,3,0,23.56,1,3,0,24.31,1
2,4912,11,0,22.44,1,-11,0,22.06,1,4,0,21.44,0.5,3,0,23.56,1,3,1,24.31,1
4,4919,10,0,22.44,1,-11,0,22.06,1,4,1,21.44,0.5,4,0,23.56,1,4,0,24.31,1
4,3,10,1,22.44,1,-11,0,22.06,1,4,0,21.44,0.5,4,0,23.56,1,4,0,24.31,1
2,17,9,0,22.44,1,-10,0,22.06,1,4,0,21.44,0.5,4,0,23.56,1,4,1,24.31,1
3,18,9,0,22.44,1,-11,0,22.06,1,5,0,21.44,0.5,4,0,23.56,1,4,0,24.31,1
3,3523,9,0,22.44,1,-10,0,22.31,1,4,0,21.37,0.5,4,0,23.75,1,4,0,24.25,1
2,3527,10,0,22.44,1,-11,0,22.31,1,4,0,21.37,0.5,4,0,23.75,1,4,0,24.25,1
4,3588,9,0,22.44,1,-11,0,22.31,1,4,0,21.44,0.5,5,0,23.62,1,5,0,24.25,1
5,8553,9,0,22.37,1,-11,0,22.25,1,4,0,21.44,0.5,4,0,23.5,1,4,0,24.25,1
5,27,9,0,22.37,1,-11,0,22.25,1,4,0,21.44,0.5,5,0,23.5,1,5,0,24.25,1
4,93,10,0,22.37,1,-11,0,22.19,1,4,0,21.44,0.5,4,0,23.62,1,4,1,24.25,1
2,145,9,0,22.37,1,-10,1,22.19,1,4,0,21.44,0.5,4,0,23.62,1,4,0,24.25,1
2,78,8,0,22.37,1,-9,0,22.19,1,4,0,21.37,0.5,4,0,23.69,1,4,0,24.19,1
4,83,7,0,22.37,1,-9,0,22.19,1,4,0,21.37,0.5,5,0,23.69,1,5,0,24.19,1
5,137,7,0,22.37,1,-9,0,22.19,1,4,0,21.37,0.5,4,0,23.69,1,4,0,24.19,1
5,8,7,0,22.37,1,-9,0,22.19,1,4,1,21.37,0.5,4,0,23.69,1,4,1,24.19,1
5,72,7,0,22.44,1,-9,0,22.19,1,4,0,21.37,0.5,3,0,23.56,1,3,0,24.19,1
6,43786,7,0,22.44,1,-9,0,22.25,1,4,0,21.37,0.5,3,0,23.56,1,3,1,24.12,1
6,7,7,0,22.44,1,-9,0,22.25,1,4,0,21.37,0.5,3,0,23.62,1,3,0,24.12,1
6,1,7,0,22.44,1,-9,0,22.25,1,4,1,21.37,0.5,3,0,23.62,1,3,0,24.12,1
5,35,7,0,22.44,1,-9,0,22.25,1,4,0,21.37,0.5,4,0,23.62,1,4,0,24.12,1
4,117,8,0,22.44,1,-9,0,22.25,1,4,0,21.37,0.5,3,0,23.62,1,3,0,24.12,1
5,11,8,0,22.5,1,-9,0,22.19,1,4,0,21.37,0.5,4,0,23.56,1,4,0,24.12,1
5,42,8,0,22.44,1,-9,0,22.25,1,4,0,21.31,0.5,5,0,23.5,1,5,0,24.12,1
4,54,9,0,22.44,1,-9,0,22.25,1,4,0,21.31,0.5,4,0,23.5,1,4,1,24.12,1
4,3,9,0,22.44,1,-9,0,22.25,1,4,0,21.31,0.5,4,0,23.5,1,4,0,24.12,1
4,1,9,0,22.44,1,-9,0,22.25,1,4,0,21.31,0.5,4,0,23.5,1,4,0,24.12,1
5,7,9,0,22.44,1,-9,0,22.25,1,4,0,21.31,0.5,4,0,23.5,1,4,0,24.12,1
5,16,9,0,22.44,1,-9,0,22.25,1,4,0,21.31,0.5,5,0,23.44,1,5,0,24.12,1
5,63,9,0,22.44,1,-9,0,22.19,1,4,0,21.31,0.5,4,1,23.5,1,4,0,24.06,1
5,9,9,0,22.44,1,-9,0,22.19,1,4,0,21.31,0.5,4,0,23.56,1,4,1,24.06,1
5,39,9,0,22.44,1,-9,0,22.25,1,4,0,21.37,0.5,3,0,23.56,1,3,1,24,1
5,1,9,0,22.44,1,-9,0,22.25,1,4,0,21.37,0.5,3,0,23.56,1,3,0,24,1
4,134,10,0,22.44,1,-9,0,22.25,1,4,0,21.37,0.5,2,0,23.56,1,2,0,24,1
2,314,9,0,22.44,1,-8,0,22.25,1,4,0,21.37,0.5,2,0,23.56,1,2,0,24,1
3,547,9,0,22.5,1,-9,0,22.25,1,5,0,21.37,0.5,2,0,23.5,1,2,0,24,1
3,14,9,0,22.44,1,-8,0,22.25,1,4,0,21.37,0.5,2,0,23.5,1,2,0,24,1
2,337,10,0,22.5,1,-9,0,22.25,1,4,0,21.44,0.5,2,0,23.75,1,2,0,24.12,1
4,341,9,0,22.5,1,-9,1,22.25,1,4,0,21.44,0.5,3,0,23.75,1,3,0,24.12,1
4,11,10,0,22.5,1,-9,0,22.25,1,4,0,21.44,0.5,2,0,23.69,1,2,0,24.12,1
4,7,10,0,22.5,1,-9,0,22.25,1,4,0,21.44,0.5,2,0,23.69,1,2,0,24.12,1
4,150,9,0,22.37,1,-9,0,22.31,1,4,0,21.5,0.5,3,0,23.56,1,3,0,24.12,1
4,3,9,0,22.31,1,-9,0,22.31,1,4,0,21.5,0.5,3,0,23.56,1,3,0,24.12,1
4,6,9,0,22.31,1,-9,0,22.31,1,4,0,21.5,0.5,3,0,23.56,1,3,1,24.12,1
4,10,8,0,22.31,1,-9,1,22.31,1,4,0,21.5,0.5,4,0,23.56,1,4,0,24.19,1
4,13,9,0,22.31,1,-9,0,22.31,1,4,0,21.5,0.5,3,0,23.37,1,3,0,24.19,1
2,212,8,0,22.31,1,-8,0,22.31,1,4,0,21.44,0.5,3,0,23.37,1,3,0,24.19,1
3,528,8,0,22.31,1,-9,0,22.31,1,5,0,21.44,0.5,3,0,23.37,1,3,0,24.19,1
4,2577,7,0,22.5,1,-9,0,22.31,1,5,0,21.44,0.5,4,0,23.75,1,4,0,24.25,1
4,0,7,0,22.5,1,-9,0,22.31,1,5,0,21.44,0.5,4,0,23.75,1,4,0,24.25,1
4,45,8,0,22.37,1,-9,0,22.19,1,5,0,21.37,0.5,3,0,23.62,1,3,0,24.25,1
4,5,8,0,22.37,1,-9,0,22.19,1,5,0,21.37,0.5,3,0,23.62,1,3,0,24.25,1
4,10,9,0,22.31,1,-9,0,22.19,1,5,0,21.37,0.5,2,0,23.62,1,2,0,24.25,1
4,7,9,0,22.31,1,-9,0,22.19,1,5,0,21.37,0.5,2,0,23.62,1,2,0,24.25,1
1,34164,8,0,22.37,1,-9,0,22.19,1,5,0,21.37,0.5,2,1,23.44,1,2,0,24.25,1
1,1,8,0,22.37,1,-9,0,22.19,1,5,0,21.37,0.5,2,0,23.44,1,2,0,24.25,1
1,0,8,0,22.37,1,-9,0,22.19,1,5,0,21.37,0.5,2,0,23.44,1,2,0,24.25,1
1,1,8,0,22.37,1,-9,0,22.19,1,5,0,21.37,0.5,2,0,23.5,1,2,0,24.25,1
1,0,8,0,22.37,1,-9,0,22.19,1,5,0,21.37,0.5,2,0,23.5,1,2,1,24.25,1
4,53,7,0,22.44,1,-9,0,22.19,1,5,0,21.37,0.5,3,0,23.5,1,3,0,24.25,1
4,1,7,0,22.44,1,-9,0,22.19,1,5,0,21.37,0.5,3,0,23.5,1,3,1,24.25,1
4,4,7,0,22.44,1,-9,0,22.19,1,5,0,21.37,0.5,3,0,23.5,1,3,0,24.25,1
2,2698,6,0,22.44,1,-8,0,22.19,1,5,1,21.37,0.5,3,0,23.5,1,3,0,24.25,1
3,2698,6,0,22.44,1,-9,0,22.19,1,6,0,21.37,0.5,3,0,23.5,1,3,0,24.25,1
3,11,6,0,22.44,1,-8,0,22.19,1,5,1,21.37,0.5,3,0,23.5,1,3,1,24.25,1
3,15,6,0,22.37,1,-7,0,22.19,1,4,0,21.44,0.5,3,0,23.5,1,3,0,24.19,1
2,33,7,0,22.44,1,-8,0,22.19,1,4,0,21.44,0.5,3,0,23.5,1,3,0,24.19,1
4,43,6,0,22.44,1,-8,0,22.19,1,4,0,21.44,0.5,4,0,23.62,1,4,0,24.19,1
4,27,7,0,22.44,1,-8,0,22.19,1,4,0,21.44,0.5,3,0,23.56,1,3,0,24.19,1
4,94,8,0,22.44,1,-8,0,22.25,1,4,0,21.44,0.5,2,0,23.62,1,2,1,24.25,1
4,3,8,0,22.44,1,-8,0,22.25,1,4,0,21.44,0.5,2,0,23.62,1,2,1,24.25,1
4,18,9,0,22.44,1,-8,0,22.25,1,4,0,21.44,0.5,1,0,23.56,1,1,0,24.19,1
1,210,10,0,22.44,1,-8,0,22.25,1,4,0,21.44,0.5,1,0,23.56,1,1,0,24.19,1
1,3,10,0,22.44,1,-8,0,22.25,1,4,0,21.44,0.5,1,0,23.56,1,1,0,24.19,1
1,0,10,0,22.44,1,-8,0,22.25,1,4,0,21.44,0.5,1,0,23.56,1,1,0,24.19,1
1,1,10,0,22.44,1,-8,0,22.25,1,4,0,21.44,0.5,1,0,23.56,1,1,1,24.19,1
1,0,10,0,22.44,1,-8,0,22.25,1,4,0,21.44,0.5,1,0,23.56,1,1,1,24.19,1
1,0,10,0,22.44,1,-8,0,22.25,1,4,0,21.44,0.5,1,0,23.56,1,1,0,24.19,1
1,0,10,0,22.44,1,-8,0,22.25,1,4,0,21.44,0.5,1,0,23.56,1,1,0,24.19,1
1,0,10,0,22.44,1,-8,0,22.25,1,4,0,21.44,0.5,1,0,23.56,1,1,1,24.19,1
1,0,10,0,22.44,1,-8,0,22.25,1,4,0,21.44,0.5,1,0,23.56,1,1,0,24.19,1
1,0,10,0,22.44,1,-8,0,22.25,1,4,0,21.44,0.5,1,0,23.56,1,1,1,24.19,1
1,4,10,0,22.44,1,-8,0,22.25,1,4,0,21.44,0.5,1,0,23.56,1,1,0,24.19,1
1,18,9,0,22.44,1,-8,0,22.25,1,4,0,21.44,0.5,1,1,23.56,1,1,0,24.19,1
1,6,9,0,22.44,1,-8,0,22.25,1,4,0,21.44,0.5,1,0,23.56,1,1,0,24.19,1
1,2,9,0,22.44,1,-8,0,22.25,1,4,0,21.44,0.5,1,1,23.56,1,1,0,24.19,1
1,0,9,0,22.44,1,-8,0,22.25,1,4,0,21.44,0.5,1,0,23.56,1,1,0,24.19,1
1,0,9,0,22.44,1,-8,0,22.25,1,4,0,21.44,0.5,1,0,23.56,1,1,1,24.19,1
1,0,9,0,22.44,1,-8,0,22.25,1,4,0,21.44,0.5,1,0,23.56,1,1,1,24.19,1
1,0,9,0,22.44,1,-8,0,22.25,1,4,0,21.44,0.5,1,1,23.56,1,1,0,24.19,1
1,1,9,0,22.44,1,-8,0,22.25,1,4,0,21.44,0.5,1,1,23.56,1,1,0,24.19,1
1,0,9,0,22.44,1,-8,0,22.25,1,4,0,21.44,0.5,1,0,23.56,1,1,0,24.19,1
1,0,9,0,22.44,1,-8,0,22.25,1,4,0,21.44,0.5,1,0,23.56,1,1,0,24.19,1
1,0,9,0,22.44,1,-8,0,22.25,1,4,0,21.44,0.5,1,0,23.56,1,1,0,24.19,1
1,0,9,0,22.44,1,-8,0,22.25,1,4,0,21.44,0.5,1,0,23.56,1,1,0,24.19,1
1,0,9,0,22.44,1,-8,0,22.25,1,4,0,21.44,0.5,1,0,23.56,1,1,0,24.19,1
1,1,9,0,22.44,1,-8,0,22.25,1,4,0,21.44,0.5,1,0,23.56,1,1,0,24.19,1
1,0,9,0,22.44,1,-8,0,22.25,1,4,0,21.44,0.5,1,0,23.56,1,1,0,24.19,1
1,0,9,0,22.44,1,-8,0,22.25,1,4,0,21.44,0.5,1,0,23.56,1,1,1,24.19,1
1,0,9,0,22.44,1,-8,0,22.25,1,4,0,21.44,0.5,1,0,23.56,1,1,0,24.19,1
1,0,9,0,22.44,1,-8,0,22.25,1,4,1,21.44,0.5,1,0,23.56,1,1,0,24.19,1
1,0,9,0,22.44,1,-8,0,22.25,1,4,0,21.44,0.5,1,0,23.56,1,1,0,24.19,1
1,1,9,0,22.44,1,-8,0,22.25,1,4,0,21.44,0.5,1,1,23.56,1,1,0,24.19,1
1,0,9,0,22.44,1,-8,0,22.25,1,4,0,21.44,0.5,1,0,23.56,1,1,0,24.19,1
1,0,9,0,22.44,1,-8,0,22.25,1,4,0,21.44,0.5,1,0,23.56,1,1,1,24.19,1
1,0,9,0,22.44,1,-8,0,22.25,1,4,0,21.44,0.5,1,0,23.56,1,1,0,24.19,1
1,0,9,0,22.44,1,-8,0,22.25,1,4,0,21.44,0.5,1,0,23.56,1,1,0,24.19,1
1,0,9,0,22.44,1,-8,0,22.25,1,4,0,21.44,0.5,1,0,23.56,1,1,0,24.19,1
1,0,9,0,22.44,1,-8,0,22.25,1,4,0,21.44,0.5,1,0,23.56,1,1,0,24.19,1
1,0,9,0,22.44,1,-8,0,22.25,1,4,0,21.44,0.5,1,0,23.56,1,1,0,24.19,1
1,0,9,0,22.44,1,-8,0,22.25,1,4,0,21.44,0.5,1,1,23.56,1,1,0,24.19,1
1,0,9,0,22.44,1,-8,0,22.25,1,4,0,21.44,0.5,1,0,23.56,1,1,0,24.19,1
1,0,9,0,22.44,1,-8,0,22.25,1,4,0,21.44,0.5,1,0,23.56,1,1,0,24.19,1
1,0,9,0,22.44,1,-8,0,22.25,1,4,0,21.44,0.5,1,0,23.56,1,1,0,24.19,1
1,3,9,0,22.44,1,-8,1,22.25,1,4,0,21.44,0.5,1,0,23.62,1,1,1,24.19,1
1,1,9,0,22.44,1,-8,0,22.25,1,4,0,21.44,0.5,1,0,23.62,1,1,0,24.19,1
1,0,9,0,22.44,1,-8,0,22.25,1,4,0,21.44,0.5,1,1,23.62,1,1,0,24.19,1
1,0,9,0,22.44,1,-8,0,22.25,1,4,0,21.44,0.5,1,0,23.62,1,1,0,24.19,1
1,0,9,0,22.44,1,-8,0,22.25,1,4,0,21.44,0.5,1,0,23.62,1,1,0,24.19,1
1,0,9,0,22.44,1,-8,0,22.25,1,4,0,21.44,0.5,1,0,23.62,1,1,0,24.19,1
1,0,9,0,22.44,1,-8,0,22.25,1,4,0,21.44,0.5,1,0,23.62,1,1,0,24.19,1
1,1,9,1,22.44,1,-8,0,22.25,1,4,0,21.44,0.5,1,0,23.62,1,1,0,24.19,1
1,0,9,0,22.44,1,-8,0,22.25,1,4,0,21.44,0.5,1,0,23.62,1,1,0,24.19,1
1,0,9,0,22.44,1,-8,0,22.25,1,4,0,21.44,0.5,1,0,23.62,1,1,1,24.19,1
1,0,9,0,22.44,1,-8,0,22.25,1,4,0,21.44,0.5,1,1,23.62,1,1,0,24.19,1
1,0,9,0,22.44,1,-8,0,22.25,1,4,0,21.44,0.5,1,0,23.62,1,1,0,24.19,1
1,0,9,0,22.44,1,-8,0,22.25,1,4,0,21.44,0.5,1,0,23.62,1,1,0,24.19,1
1,4,9,0,22.44,1,-8,0,22.25,1,4,1,21.44,0.5,1,0,23.62,1,1,0,24.19,1
1,3,9,0,22.44,1,-8,0,22.25,1,4,0,21.44,0.5,1,0,23.62,1,1,1,24.19,1
1,4,9,0,22.44,1,-8,0,22.25,1,4,0,21.44,0.5,1,0,23.62,1,1,0,24.19,1
4,213,8,0,22.44,1,-8,0,22.25,1,4,0,21.44,0.5,2,0,23.75,1,2,0,24.19,1
4,4,8,0,22.44,1,-8,0,22.25,1,4,0,21.44,0.5,2,0,23.75,1,2,0,24.19,1
4,13,9,0,22.44,1,-8,0,22.25,1,4,0,21.44,0.5,1,0,23.69,1,1,1,24.19,1
4,13,8,0,22.44,1,-8,0,22.25,1,4,0,21.5,0.5,2,0,23.69,1,2,0,24.19,1
1,225,9,0,22.44,1,-8,0,22.25,1,4,0,21.44,0.5,2,0,23.62,1,2,0,24.19,1
1,3,9,0,22.44,1,-8,0,22.25,1,4,0,21.44,0.5,2,0,23.62,1,2,1,24.19,1
1,0,9,0,22.44,1,-8,0,22.25,1,4,0,21.44,0.5,2,0,23.62,1,2,0,24.19,1
1,0,9,0,22.44,1,-8,0,22.25,1,4,0,21.44,0.5,2,0,23.62,1,2,0,24.19,1
1,0,9,0,22.44,1,-8,1,22.25,1,4,0,21.44,0.5,2,0,23.62,1,2,1,24.19,1
1,0,9,0,22.44,1,-8,0,22.25,1,4,0,21.44,0.5,2,0,23.62,1,2,1,24.19,1
1,1,9,0,22.44,1,-8,0,22.25,1,4,0,21.44,0.5,2,0,23.62,1,2,0,24.19,1
4,57,8,0,22.37,1,-8,0,22.12,1,4,0,21.44,0.5,3,0,23.62,1,3,0,24.19,1
4,101,9,0,22.37,1,-8,0,22.12,1,4,0,21.5,0.5,2,1,23.75,1,2,1,24.25,1
4,22,8,0,22.37,1,-8,0,22.12,1,4,0,21.44,0.5,3,0,23.75,1,3,0,24.25,1
5,3876,8,0,22.37,1,-8,0,22.12,1,4,0,21.44,0.5,4,0,23.75,1,4,0,24.25,1
5,1,8,0,22.37,1,-8,0,22.12,1,4,0,21.44,0.5,4,0,23.75,1,4,0,24.25,1
5,8,8,0,22.37,1,-8,0,22.12,1,4,0,21.44,0.5,4,0,23.75,1,4,0,24.25,1
4,31,9,0,22.37,1,-8,0,22.12,1,4,0,21.44,0.5,3,0,23.75,1,3,0,24.25,1
4,11,8,0,22.37,1,-8,0,22.12,1,4,0,21.44,0.5,4,0,23.75,1,4,0,24.25,1
4,11,9,0,22.37,1,-8,0,22.12,1,4,0,21.44,0.5,3,0,23.75,1,3,0,24.19,1
4,30,10,0,22.37,1,-8,0,22.12,1,4,0,21.44,0.5,2,0,23.69,1,2,0,24.19,1
3,660,10,0,22.37,1,-9,0,22.12,1,5,0,21.44,0.5,2,0,23.69,1,2,0,24.19,1
4,5,10,0,22.37,1,-9,0,22.12,1,5,0,21.44,0.5,2,0,23.69,1,2,0,24.19,1
4,21,9,0,22.37,1,-9,0,22.12,1,5,0,21.44,0.5,3,0,23.69,1,3,0,24.19,1
4,7,9,0,22.37,1,-9,0,22.12,1,5,0,21.44,0.5,3,0,23.69,1,3,0,24.19,1
4,2,9,0,22.37,1,-9,0,22.12,1,5,0,21.44,0.5,3,0,23.69,1,3,0,24.19,1
4,2,9,0,22.37,1,-9,0,22.12,1,5,0,21.44,0.5,3,0,23.69,1,3,0,24.19,1
4,4,9,0,22.37,1,-9,0,22.12,1,5,0,21.44,0.5,3,0,23.69,1,3,1,24.19,1
4,0,9,0,22.37,1,-9,0,22.12,1,5,0,21.44,0.5,3,0,23.69,1,3,1,24.19,1
3,40,9,0,22.37,1,-8,0,22.12,1,4,0,21.44,0.5,3,0,23.69,1,3,0,24.19,1
4,1,9,0,22.37,1,-8,0,22.12,1,4,0,21.44,0.5,3,0,23.69,1,3,0,24.19,1
4,3,9,0,22.37,1,-8,0,22.12,1,4,0,21.44,0.5,3,0,23.69,1,3,0,24.19,1
4,2,9,0,22.37,1,-8,0,22.12,1,4,0,21.44,0.5,3,0,23.69,1,3,0,24.19,1
4,10,10,0,22.37,1,-8,0,22.12,1,4,0,21.5,0.5,2,0,23.62,1,2,0,24.19,1
4,13,9,0,22.37,1,-8,0,22.12,1,4,0,21.5,0.5,3,0,23.62,1,3,1,24.19,1
4,30,10,0,22.37,1,-8,0,22.12,1,4,0,21.56,0.5,2,0,23.62,1,2,0,24.19,1
1,349,11,0,22.37,1,-8,0,22.12,1,4,0,21.56,0.5,2,0,23.62,1,2,0,24.19,1
1,6,11,0,22.37,1,-8,0,22.12,1,4,0,21.56,0.5,2,0,23.69,1,2,0,24.19,1
1,0,11,0,22.37,1,-8,0,22.12,1,4,0,21.56,0.5,2,0,23.69,1,2,0,24.19,1
1,0,11,0,22.37,1,-8,0,22.12,1,4,0,21.56,0.5,2,0,23.69,1,2,0,24.19,1
1,0,11,0,22.37,1,-8,0,22.12,1,4,0,21.56,0.5,2,0,23.69,1,2,0,24.19,1
1,1,11,0,22.37,1,-8,0,22.12,1,4,0,21.56,0.5,2,0,23.69,1,2,1,24.19,1
1,0,11,0,22.37,1,-8,0,22.12,1,4,0,21.56,0.5,2,0,23.69,1,2,0,24.19,1
1,0,11,0,22.37,1,-8,0,22.12,1,4,0,21.56,0.5,2,0,23.69,1,2,0,24.19,1
1,20,10,0,22.37,1,-8,0,22.06,1,4,0,21.56,0.5,2,0,23.69,1,2,1,24.19,1
1,6,10,0,22.37,1,-8,0,22.06,1,4,0,21.56,0.5,2,0,23.75,1,2,0,24.19,1
1,7,10,0,22.37,1,-8,1,22.06,1,4,0,21.56,0.5,2,0,23.75,1,2,0,24.19,1
1,0,10,0,22.37,1,-8,0,22.06,1,4,0,21.56,0.5,2,1,23.75,1,2,0,24.19,1
1,1,10,0,22.37,1,-8,0,22.06,1,4,0,21.56,0.5,2,0,23.75,1,2,0,24.19,1
2,824,9,0,22.37,1,-7,0,22.06,1,4,0,21.56,0.5,2,0,23.75,1,2,0,24.19,1
1,1,9,0,22.37,1,-7,0,22.06,1,4,0,21.56,0.5,2,0,23.75,1,2,0,24.19,1
1,1,9,0,22.37,1,-7,0,22.06,1,4,0,21.56,0.5,2,1,23.75,1,2,0,24.19,1
1,0,9,0,22.37,1,-7,0,22.06,1,4,0,21.56,0.5,2,0,23.75,1,2,1,24.19,1
1,0,9,0,22.37,1,-7,0,22.06,1,4,0,21.56,0.5,2,0,23.75,1,2,0,24.19,1
3,134,9,0,22.37,1,-8,0,22.06,1,5,1,21.56,0.5,2,0,23.75,1,2,0,24.19,1
3,37,9,0,22.25,1,-9,1,22.06,1,6,0,21.56,0.5,2,0,23.75,1,2,0,24.25,1
2,40,8,0,22.25,1,-8,0,22.06,1,6,0,21.56,0.5,2,0,23.75,1,2,0,24.25,1
3,5,8,0,22.25,1,-8,0,22.06,1,6,0,21.56,0.5,2,0,23.75,1,2,0,24.25,1
2,10,8,0,22.25,1,-8,0,22.06,1,6,0,21.56,0.5,2,0,23.75,1,2,0,24.25,1
3,15,8,0,22.25,1,-7,0,22.06,1,5,0,21.56,0.5,2,0,23.75,1,2,0,24.19,1
3,1,8,0,22.25,1,-7,0,22.06,1,5,0,21.56,0.5,2,0,23.75,1,2,0,24.19,1
2,21,7,0,22.19,1,-6,0,22.06,1,5,0,21.62,0.5,2,0,23.75,1,2,0,24.19,1
2,8,7,0,22.19,1,-6,0,22.06,1,5,0,21.62,0.5,2,1,23.75,1,2,0,24.19,1
2,8,7,0,22.19,1,-6,0,22.06,1,5,0,21.62,0.5,2,0,23.75,1,2,0,24.19,1
4,160,6,0,22.19,1,-6,0,22.06,1,5,0,21.62,0.5,3,0,23.75,1,3,0,24.19,1
4,30,7,0,22.12,1,-6,0,22.06,1,5,0,21.62,0.5,2,0,23.62,1,2,1,24.25,1
2,38,6,0,22.19,1,-5,0,22.06,1,5,0,21.62,0.5,2,0,23.56,1,2,0,24.25,1
3,68,6,0,22.19,1,-6,0,22.06,1,6,0,21.62,0.5,2,0,23.56,1,2,0,24.25,1
3,7,6,0,22.19,1,-6,0,22.06,1,6,0,21.62,0.5,2,0,23.56,1,2,0,24.25,1
3,3,6,0,22.19,1,-6,0,22.06,1,6,0,21.62,0.5,2,0,23.56,1,2,0,24.25,1
2,14,7,0,22.19,1,-7,0,22.06,1,6,0,21.62,0.5,2,0,23.56,1,2,0,24.25,1
4,52,6,0,22.19,1,-7,0,22,1,6,0,21.69,0.5,3,1,23.62,1,3,0,24.19,1
4,66,7,0,22.25,1,-7,0,22.06,1,6,0,21.69,0.5,2,0,23.62,1,2,0,24.19,1
2,104,6,0,22.25,1,-6,0,22.06,1,6,0,21.69,0.5,2,0,23.62,1,2,0,24.19,1
2,7,6,0,22.25,1,-6,0,22.06,1,6,0,21.69,0.5,2,0,23.62,1,2,0,24.25,1
4,14,5,0,22.25,1,-6,0,22.06,1,6,0,21.69,0.5,3,0,23.62,1,3,1,24.25,1
4,244,4,0,22.37,1,-6,0,22.12,1,6,0,21.56,0.5,4,0,23.81,1,4,0,24.25,1
4,0,4,0,22.37,1,-6,0,22.12,1,6,0,21.56,0.5,4,0,23.81,1,4,0,24.25,1
4,318,3,0,22.62,1,-6,0,22.25,1,6,0,21.56,0.5,5,0,24,1,5,0,24.25,1
4,8,3,0,22.62,1,-6,0,22.25,1,6,1,21.56,0.5,5,0,24,1,5,1,24.25,1
4,0,3,0,22.62,1,-6,0,22.25,1,6,0,21.56,0.5,5,0,24,1,5,0,24.25,1
4,784,4,0,22.69,1,-6,0,22.37,1,6,0,21.5,0.5,4,0,24,1,4,0,24.31,1
2,1367,3,0,22.62,1,-5,0,22.37,1,6,0,21.5,0.5,4,0,24,1,4,0,24.31,1
3,1480,3,0,22.62,1,-6,0,22.37,1,7,0,21.5,0.5,4,0,24,1,4,0,24.31,1
3,12,3,0,22.62,1,-5,0,22.37,1,6,0,21.56,0.5,4,0,24,1,4,1,24.31,1
3,8,3,0,22.62,1,-5,0,22.37,1,6,0,21.56,0.5,4,0,24,1,4,0,24.31,1
2,22,4,0,22.62,1,-6,0,22.37,1,6,0,21.56,0.5,4,0,24,1,4,0,24.31,1
4,48,3,0,22.69,1,-6,0,22.31,1,6,0,21.56,0.5,5,0,24,1,5,0,24.31,1
2,15,2,0,22.69,1,-5,0,22.31,1,6,0,21.56,0.5,5,0,24,1,5,0,24.31,1
3,19,2,0,22.69,1,-6,0,22.31,1,7,0,21.56,0.5,5,0,24,1,5,0,24.31,1
3,1,2,0,22.69,1,-6,0,22.31,1,7,0,21.62,0.5,5,0,24,1,5,0,24.31,1
2,9,2,0,22.69,1,-6,0,22.31,1,7,0,21.62,0.5,5,0,24,1,5,1,24.31,1
4,12,1,0,22.69,1,-6,0,22.31,1,7,0,21.62,0.5,6,0,24,1,6,0,24.31,1
4,6,1,0,22.69,1,-6,0,22.31,1,7,0,21.62,0.5,6,0,24,1,6,0,24.31,1
2,10,0,0,22.69,1,-5,0,22.31,1,7,0,21.62,0.5,6,0,24,1,6,0,24.31,1
4,3,0,0,22.69,1,-5,0,22.31,1,7,0,21.62,0.5,6,0,24,1,6,1,24.31,1
4,1,0,0,22.69,1,-5,0,22.31,1,7,0,21.62,0.5,6,0,24,1,6,0,24.31,1
2,43,1,0,22.69,1,-6,0,22.31,1,7,0,21.69,0.5,6,0,23.81,1,6,0,24.31,1
2,7,1,0,22.69,1,-6,0,22.31,1,7,0,21.69,0.5,6,0,23.81,1,6,0,24.31,1
4,51,2,0,22.69,1,-6,0,22.31,1,7,0,21.69,0.5,5,0,23.81,1,5,0,24.31,1
5,1958,2,0,22.75,1,-6,0,22.31,1,7,0,21.69,0.5,4,0,23.81,1,4,1,24.31,1
3,85,2,0,22.75,1,-5,0,22.31,1,6,0,21.69,0.5,4,0,23.81,1,4,1,24.31,1
3,1,2,0,22.75,1,-5,0,22.31,1,6,0,21.69,0.5,4,0,23.81,1,4,0,24.31,1
2,22,3,0,22.75,1,-6,0,22.31,1,6,1,21.69,0.5,4,0,23.81,1,4,0,24.31,1
4,21,4,0,22.75,1,-6,0,22.31,1,6,0,21.69,0.5,3,0,23.81,1,3,0,24.31,1
6,6063,4,0,22.75,1,-6,0,22.31,1,6,0,21.69,0.5,3,0,23.75,1,3,0,24.31,1
5,27,4,0,22.81,1,-6,0,22.31,1,6,0,21.69,0.5,2,0,23.75,1,2,1,24.31,1
5,13,4,0,22.81,1,-6,0,22.31,1,6,0,21.75,0.5,3,0,23.75,1,3,0,24.31,1
5,30,4,0,22.87,1,-6,0,22.37,1,6,0,21.75,0.5,4,0,23.75,1,4,0,24.25,1
5,28,4,0,22.81,1,-6,0,22.37,1,6,0,21.75,0.5,3,0,23.81,1,3,1,24.31,1
5,5,4,0,22.81,1,-6,0,22.37,1,6,0,21.75,0.5,3,0,23.87,1,3,0,24.31,1
4,128,5,0,22.87,1,-6,0,22.44,1,6,1,21.62,0.5,2,0,23.94,1,2,0,24.31,1
2,129,4,0,22.87,1,-5,0,22.44,1,6,0,21.62,0.5,2,0,23.94,1,2,0,24.31,1
4,4,4,0,22.87,1,-5,0,22.44,1,6,0,21.62,0.5,2,0,23.94,1,2,1,24.31,1
4,6,4,0,22.87,1,-5,0,22.44,1,6,0,21.62,0.5,2,0,23.94,1,2,0,24.25,1
4,0,4,0,22.87,1,-5,0,22.44,1,6,0,21.62,0.5,2,0,23.94,1,2,0,24.25,1
4,0,4,0,22.87,1,-5,0,22.44,1,6,0,21.62,0.5,2,1,23.94,1,2,1,24.25,1
5,48,4,0,22.87,1,-5,0,22.44,1,6,0,21.62,0.5,1,0,23.94,1,1,0,24.25,1
4,4,4,0,22.87,1,-5,0,22.44,1,6,0,21.62,0.5,1,0,23.94,1,1,0,24.25,1
4,4,4,0,22.87,1,-5,0,22.5,1,6,0,21.62,0.5,1,0,23.87,1,1,0,24.25,1
6,142,4,0,22.87,1,-5,0,22.5,1,6,0,21.62,0.5,1,0,23.87,1,1,0,24.25,1
6,2,4,0,22.87,1,-5,0,22.5,1,6,0,21.62,0.5,1,0,23.87,1,1,0,24.25,1
6,1,4,0,22.87,1,-5,0,22.5,1,6,0,21.69,0.5,1,0,23.87,1,1,0,24.25,1
5,15,4,0,22.87,1,-5,0,22.5,1,6,0,21.69,0.5,0,0,23.87,1,0,0,24.25,1
6,6,4,0,22.87,1,-5,1,22.5,1,6,0,21.69,0.5,0,0,23.87,1,0,0,24.25,1
5,12,4,0,22.87,1,-5,0,22.5,1,6,0,21.69,0.5,1,0,23.87,1,1,0,24.25,1
6,23,4,0,22.94,1,-5,0,22.44,1,6,0,21.69,0.5,1,1,23.87,1,1,0,24.25,1
6,2,4,0,22.94,1,-5,0,22.44,1,6,0,21.69,0.5,1,1,23.87,1,1,0,24.25,1
5,20,4,1,22.94,1,-5,0,22.44,1,6,0,21.69,0.5,2,0,23.87,1,2,0,24.25,1
4,47,5,0,22.94,1,-5,0,22.44,1,6,0,21.69,0.5,1,0,23.87,1,1,0,24.25,1
2,68,4,0,22.94,1,-4,0,22.44,1,6,0,21.69,0.5,1,0,23.87,1,1,1,24.25,1
2,2,4,0,22.94,1,-4,0,22.44,1,6,1,21.69,0.5,1,0,23.87,1,1,0,24.25,1
4,5,4,0,22.94,1,-4,0,22.44,1,6,0,21.69,0.5,1,0,23.87,1,1,1,24.25,1
3,200,4,0,22.94,1,-5,0,22.44,1,7,0,21.69,0.5,1,0,23.87,1,1,1,24.25,1
4,10,4,0,22.94,1,-5,0,22.44,1,7,0,21.69,0.5,1,1,23.87,1,1,0,24.25,1
2,16,3,0,22.87,1,-4,0,22.44,1,7,0,21.69,0.5,1,0,23.87,1,1,0,24.25,1
3,16,3,0,22.87,1,-3,0,22.44,1,6,1,21.69,0.5,1,0,23.87,1,1,0,24.25,1
2,2,3,0,22.87,1,-3,0,22.44,1,6,0,21.69,0.5,1,0,23.87,1,1,0,24.25,1
4,9,3,0,22.87,1,-3,0,22.44,1,6,1,21.69,0.5,1,0,23.87,1,1,0,24.25,1
4,2,3,0,22.87,1,-3,0,22.44,1,6,0,21.69,0.5,1,1,23.87,1,1,0,24.25,1
4,0,3,0,22.87,1,-3,0,22.44,1,6,0,21.69,0.5,1,0,23.87,1,1,0,24.25,1
4,10,3,0,22.81,1,-3,0,22.5,1,6,0,21.69,0.5,1,1,23.87,1,1,1,24.25,1
2,17,2,0,22.81,1,-2,0,22.5,1,6,0,21.69,0.5,1,0,23.94,1,1,0,24.25,1
3,19,2,0,22.81,1,-3,0,22.5,1,7,0,21.69,0.5,1,0,23.94,1,1,0,24.25,1
3,12,2,0,22.81,1,-2,0,22.5,1,6,0,21.69,0.5,1,0,23.94,1,1,0,24.25,1
3,9,2,0,22.81,1,-2,0,22.56,1,6,0,21.69,0.5,1,0,23.94,1,1,0,24.25,1
2,22,3,0,22.81,1,-3,0,22.56,1,6,0,21.69,0.5,1,0,23.94,1,1,1,24.25,1
4,28,4,0,22.81,1,-3,0,22.56,1,6,0,21.69,0.5,0,0,23.94,1,0,0,24.25,1
5,76,4,0,22.81,1,-3,0,22.56,1,6,0,21.69,0.5,1,0,23.94,1,1,0,24.25,1
5,0,4,0,22.81,1,-3,0,22.56,1,6,0,21.69,0.5,1,0,23.94,1,1,0,24.25,1
2,8,4,0,22.81,1,-3,0,22.56,1,6,0,21.69,0.5,1,0,23.94,1,1,0,24.25,1
4,6,4,1,22.81,1,-3,0,22.56,1,6,0,21.69,0.5,1,0,23.94,1,1,0,24.25,1
5,4,4,0,22.81,1,-3,0,22.56,1,6,0,21.69,0.5,1,0,23.94,1,1,0,24.25,1
5,8,4,0,22.87,1,-3,0,22.56,1,6,0,21.69,0.5,1,0,23.94,1,1,0,24.25,1
5,3,4,0,22.87,1,-3,0,22.56,1,6,0,21.69,0.5,1,0,23.94,1,1,0,24.25,1
4,27,3,0,22.81,1,-3,0,22.56,1,6,0,21.75,0.5,2,0,23.94,1,2,0,24.25,1
4,12,4,0,22.87,1,-3,0,22.56,1,6,0,21.75,0.5,1,0,23.94,1,1,0,24.25,1
4,5,4,0,22.87,1,-3,0,22.56,1,6,1,21.75,0.5,1,1,23.94,1,1,0,24.25,1
2,50,3,0,22.87,1,-2,0,22.56,1,6,0,21.75,0.5,1,0,23.94,1,1,1,24.25,1
3,60,3,0,22.81,1,-3,0,22.56,1,7,1,21.75,0.5,1,0,23.94,1,1,0,24.25,1
4,9,3,0,22.81,1,-3,0,22.56,1,7,0,21.75,0.5,1,0,23.94,1,1,0,24.25,1
4,1,3,0,22.81,1,-3,0,22.56,1,7,0,21.81,0.5,1,1,23.94,1,1,0,24.25,1
3,8,3,0,22.81,1,-3,0,22.56,1,7,0,21.81,0.5,1,0,23.94,1,1,0,24.25,1
2,10,4,0,22.81,1,-4,0,22.56,1,7,0,21.81,0.5,1,0,23.94,1,1,0,24.25,1
2,7,4,0,22.87,1,-4,0,22.56,1,7,0,21.81,0.5,1,0,23.94,1,1,0,24.25,1
3,7,4,0,22.87,1,-4,0,22.56,1,7,0,21.81,0.5,1,0,23.94,1,1,0,24.25,1
4,30,3,0,22.87,1,-4,0,22.5,1,7,0,21.81,0.5,2,1,24,1,2,0,24.25,1
5,79,3,0,22.87,1,-4,0,22.5,1,7,0,21.81,0.5,1,0,24,1,1,0,24.25,1
5,4,3,0,22.81,1,-4,0,22.5,1,7,0,21.81,0.5,1,0,24,1,1,1,24.25,1
5,43,3,0,22.81,1,-4,0,22.5,1,7,0,21.81,0.5,2,0,24,1,2,0,24.25,1
5,61,3,0,22.87,1,-4,0,22.5,1,7,0,21.75,0.5,3,0,24.12,1,3,0,24.25,1
2,194,2,0,22.87,1,-3,0,22.5,1,7,0,21.75,0.5,3,0,24.19,1,3,0,24.25,1
2,21,3,0,22.94,1,-4,0,22.5,1,7,0,21.75,0.5,3,1,24.19,1,3,0,24.25,1
4,203,2,0,22.94,1,-4,0,22.44,1,7,0,21.75,0.5,4,1,24.19,1,4,0,24.25,1
3,265,2,0,22.94,1,-3,0,22.37,1,6,0,21.75,0.5,4,1,24.12,1,4,0,24.25,1
2,53,3,0,22.94,1,-4,0,22.37,1,6,0,21.75,0.5,4,1,24.12,1,4,0,24.25,1
2,13,2,0,22.94,1,-3,0,22.44,1,6,0,21.75,0.5,4,1,24.12,1,4,0,24.25,1
2,10,3,0,22.94,1,-4,0,22.44,1,6,0,21.75,0.5,4,1,24.12,1,4,0,24.31,1
2,9,3,0,22.94,1,-4,0,22.5,1,6,0,21.75,0.5,4,1,24.19,1,4,0,24.31,1
3,37,3,0,23,1,-5,0,22.5,1,7,0,21.75,0.5,4,1,24.19,1,4,0,24.31,1
4,83,2,0,23,1,-5,0,22.5,1,7,0,21.75,0.5,5,0,24.19,1,5,0,24.31,1
4,51,3,0,23,1,-5,0,22.56,1,7,0,21.81,0.5,4,1,24.19,1,4,0,24.25,1
4,0,3,0,23,1,-5,0,22.56,1,7,0,21.81,0.5,4,1,24.19,1,4,0,24.25,1
4,0,3,0,23,1,-5,0,22.56,1,7,0,21.81,0.5,4,1,24.19,1,4,1,24.25,1
5,229,3,0,23,1,-5,0,22.56,1,7,0,21.75,0.5,3,1,24.19,1,3,1,24.25,1
4,34,4,0,23.06,1,-5,0,22.56,1,7,0,21.75,0.5,2,1,24.25,1,2,0,24.25,1
4,49,5,0,23.06,1,-5,0,22.56,1,7,0,21.75,0.5,1,1,24.31,1,1,0,24.31,1
4,13,4,0,23,1,-5,0,22.56,1,7,0,21.75,0.5,2,0,24.31,1,2,0,24.25,1
4,80,5,0,23,1,-5,0,22.62,1,7,0,21.75,0.5,1,1,24.19,1,1,0,24.31,1
2,501,4,0,23.06,1,-4,0,22.69,1,7,0,21.81,0.5,1,1,24.12,1,1,0,24.37,1
2,54,5,0,23.06,1,-5,0,22.69,1,7,0,21.81,0.5,1,1,24.12,1,1,0,24.31,1
4,327,4,0,23.06,1,-5,0,22.69,1,7,0,21.81,0.5,2,1,24.12,1,2,0,24.31,1
5,501,4,0,23.06,1,-5,0,22.69,1,7,0,21.81,0.5,1,1,24.12,1,1,0,24.31,1
3,562,4,0,23.06,1,-4,0,22.69,1,6,0,21.81,0.5,1,1,24.12,1,1,1,24.31,1
5,5,4,0,23.06,1,-4,0,22.69,1,6,0,21.81,0.5,1,1,24.12,1,1,0,24.31,1
3,44,4,0,23.06,1,-5,0,22.62,1,7,0,21.81,0.5,1,1,24.06,1,1,0,24.37,1
4,62,5,0,23.06,1,-5,1,22.62,1,7,0,21.81,0.5,0,1,24.06,1,0,0,24.37,1
4,7,5,0,23.06,1,-5,0,22.62,1,7,0,21.81,0.5,0,1,24.06,1,0,1,24.31,1
4,0,5,0,23.06,1,-5,0,22.62,1,7,0,21.81,0.5,0,1,24.06,1,0,0,24.31,1
5,145,5,0,23.06,1,-5,0,22.62,1,7,0,21.87,0.5,1,1,24.06,1,1,1,24.31,1
5,4,5,0,23.06,1,-5,0,22.62,1,7,0,21.87,0.5,1,1,24.06,1,1,1,24.31,1
5,4,5,0,23.06,1,-5,0,22.62,1,7,0,21.87,0.5,1,1,24.06,1,1,0,24.31,1
5,1,5,0,23.06,1,-5,0,22.62,1,7,1,21.87,0.5,1,1,24.06,1,1,1,24.31,1
4,352,6,0,23.12,1,-5,0,22.5,1,7,0,21.81,0.5,0,0,24.12,1,0,0,24.37,1
2,426,5,0,23.12,1,-4,0,22.5,1,7,0,21.81,0.5,0,1,24.12,1,0,0,24.37,1
2,174,6,0,23.12,1,-5,0,22.62,1,7,0,21.87,0.5,0,1,24.06,1,0,0,24.37,1
2,3,6,0,23.12,1,-5,0,22.62,1,7,0,21.87,0.5,0,1,24.06,1,0,0,24.37,1
4,184,5,0,23.12,1,-5,0,22.62,1,7,0,21.87,0.5,1,1,24.06,1,1,0,24.37,1
